,name,total_loss,gender_loss,race_loss,age_loss,gender_acc,race_acc,age_acc
0,V1-FairFace-R50-BatchNorm-MultiOutput-AutoAug-224-CE-gender.h5,0.1938677877187729,0.2243700921535492,0.6553384065628052,1.0589699745178223,0.9117217659950256,0.7598137855529785,0.5607084035873413
1,V1-FairFace-R50-BatchNorm-MultiOutput-AutoAug-224-CE-race.h5,0.18880434334278107,0.2087099850177765,0.6481370329856873,1.031195878982544,0.9151908159255981,0.7678473591804504,0.5696549415588379
2,V1-FairFace-R50-BatchNorm-MultiOutput-AutoAug-224-CE-age.h5,0.1899731606245041,0.214602530002594,0.6463601589202881,1.038769245147705,0.9148256182670593,0.763921856880188,0.5678291320800781
3,V1-FairFace-R50-BatchNorm-MultiOutput-AutoAug-224-CE-last.h5,0.19327600300312042,0.21609124541282654,0.6633816361427307,1.0532875061035156,0.9128172397613525,0.7628263831138611,0.5608909726142883
4,V1-FairFace-R50-BatchNorm-MultiOutput-AutoAug-224-SCL-gender.h5,0.18406395614147186,0.19983986020088196,0.6214049458503723,1.0193949937820435,0.9268760085105896,0.7746942043304443,0.5722110867500305
5,V1-FairFace-R50-BatchNorm-MultiOutput-AutoAug-224-SCL-race.h5,0.18339663743972778,0.2061840295791626,0.6155076622962952,1.0122740268707275,0.9220376014709473,0.7812671065330505,0.5700200796127319
6,V1-FairFace-R50-BatchNorm-MultiOutput-AutoAug-224-SCL-age.h5,0.18250878155231476,0.20092539489269257,0.6190556883811951,1.0051065683364868,0.9242286086082458,0.7802629470825195,0.5780536532402039
7,V1-FairFace-R50-BatchNorm-MultiOutput-AutoAug-224-SCL-last.h5,0.1857120245695114,0.21024321019649506,0.6295580267906189,1.0173190832138062,0.9242286086082458,0.7762461304664612,0.569107174873352
