,name,total_loss,gender_loss,age_loss,gender_acc,age_acc
0,V1-AFAD-Full-R50-BatchNorm-MultiOutput-AutoAug-224-CE-gender.h5,0.08029540628194809,0.06936441361904144,0.7335891127586365,0.9798791408538818,0.6738972663879395
1,V1-AFAD-Full-R50-BatchNorm-MultiOutput-AutoAug-224-CE-age.h5,0.08159027993679047,0.07864058762788773,0.7372624278068542,0.9750453233718872,0.6821752190589905
2,V1-AFAD-Full-R50-BatchNorm-MultiOutput-AutoAug-224-CE-last.h5,0.08138468861579895,0.07726753503084183,0.7365787029266357,0.9766163229942322,0.6825377941131592
3,V1-AFAD-Full-R50-BatchNorm-MultiOutput-AutoAug-224-SCL-gender.h5,0.08048500120639801,0.06382402032613754,0.7410256266593933,0.9841691851615906,0.6769788265228271
4,V1-AFAD-Full-R50-BatchNorm-MultiOutput-AutoAug-224-SCL-age.h5,0.0809042900800705,0.0732361450791359,0.7358068823814392,0.9838066697120667,0.6789727807044983
5,V1-AFAD-Full-R50-BatchNorm-MultiOutput-AutoAug-224-SCL-last.h5,0.08048497885465622,0.06382393836975098,0.7410256862640381,0.9841691851615906,0.6769788265228271
